customer_id,first_name,last_name,email,address_id,active
1,MARY,SMITH,MARY.SMITH@sakilacustomer.org,5,0
2,PATRICIA,JOHNSON,PATRICIA.JOHNSON@sakilacustomer.org,6,0
3,LINDA,WILLIAMS,LINDA.WILLIAMS@sakilacustomer.org,7,1
4,BARBARA,JONES,BARBARA.JONES@sakilacustomer.org,8,0
5,ELIZABETH,BROWN,ELIZABETH.BROWN@sakilacustomer.org,9,1
6,JENNIFER,DAVIS,JENNIFER.DAVIS@sakilacustomer.org,10,1
7,MARIA,MILLER,MARIA.MILLER@sakilacustomer.org,11,1
8,SUSAN,WILSON,SUSAN.WILSON@sakilacustomer.org,12,1
9,MARGARET,MOORE,MARGARET.MOORE@sakilacustomer.org,13,1
10,DOROTHY,TAYLOR,DOROTHY.TAYLOR@sakilacustomer.org,14,1
11,LISA,ANDERSON,LISA.ANDERSON@sakilacustomer.org,15,1
12,NANCY,THOMAS,NANCY.THOMAS@sakilacustomer.org,16,1
13,KAREN,JACKSON,KAREN.JACKSON@sakilacustomer.org,17,0
14,BETTY,WHITE,BETTY.WHITE@sakilacustomer.org,18,1
15,HELEN,HARRIS,HELEN.HARRIS@sakilacustomer.org,19,1
16,SANDRA,MARTIN,SANDRA.MARTIN@sakilacustomer.org,20,0
17,DONNA,THOMPSON,DONNA.THOMPSON@sakilacustomer.org,21,0
18,CAROL,GARCIA,CAROL.GARCIA@sakilacustomer.org,22,1
19,RUTH,MARTINEZ,RUTH.MARTINEZ@sakilacustomer.org,23,1
20,SHARON,ROBINSON,SHARON.ROBINSON@sakilacustomer.org,24,1
21,MICHELLE,CLARK,MICHELLE.CLARK@sakilacustomer.org,25,0
22,LAURA,RODRIGUEZ,LAURA.RODRIGUEZ@sakilacustomer.org,26,1
23,SARAH,LEWIS,SARAH.LEWIS@sakilacustomer.org,27,0
24,KIMBERLY,LEE,KIMBERLY.LEE@sakilacustomer.org,28,0
25,DEBORAH,WALKER,DEBORAH.WALKER@sakilacustomer.org,29,1
26,JESSICA,HALL,JESSICA.HALL@sakilacustomer.org,30,1
27,SHIRLEY,ALLEN,SHIRLEY.ALLEN@sakilacustomer.org,31,1
28,CYNTHIA,YOUNG,CYNTHIA.YOUNG@sakilacustomer.org,32,0
29,ANGELA,HERNANDEZ,ANGELA.HERNANDEZ@sakilacustomer.org,33,1
30,MELISSA,KING,MELISSA.KING@sakilacustomer.org,34,0
31,BRENDA,WRIGHT,BRENDA.WRIGHT@sakilacustomer.org,35,1
32,AMY,LOPEZ,AMY.LOPEZ@sakilacustomer.org,36,0
33,ANNA,HILL,ANNA.HILL@sakilacustomer.org,37,1
34,REBECCA,SCOTT,REBECCA.SCOTT@sakilacustomer.org,38,1
35,VIRGINIA,GREEN,VIRGINIA.GREEN@sakilacustomer.org,39,1
36,KATHLEEN,ADAMS,KATHLEEN.ADAMS@sakilacustomer.org,40,0
37,PAMELA,BAKER,PAMELA.BAKER@sakilacustomer.org,41,1
38,MARTHA,GONZALEZ,MARTHA.GONZALEZ@sakilacustomer.org,42,1
39,DEBRA,NELSON,DEBRA.NELSON@sakilacustomer.org,43,0
40,AMANDA,CARTER,AMANDA.CARTER@sakilacustomer.org,44,1
41,STEPHANIE,MITCHELL,STEPHANIE.MITCHELL@sakilacustomer.org,45,1
42,CAROLYN,PEREZ,CAROLYN.PEREZ@sakilacustomer.org,46,1
43,CHRISTINE,ROBERTS,CHRISTINE.ROBERTS@sakilacustomer.org,47,1
44,MARIE,TURNER,MARIE.TURNER@sakilacustomer.org,48,0
45,JANET,PHILLIPS,JANET.PHILLIPS@sakilacustomer.org,49,1
46,CATHERINE,CAMPBELL,CATHERINE.CAMPBELL@sakilacustomer.org,50,0
47,FRANCES,PARKER,FRANCES.PARKER@sakilacustomer.org,51,0
48,ANN,EVANS,ANN.EVANS@sakilacustomer.org,52,1
49,JOYCE,EDWARDS,JOYCE.EDWARDS@sakilacustomer.org,53,0
50,DIANE,COLLINS,DIANE.COLLINS@sakilacustomer.org,54,1
51,ALICE,STEWART,ALICE.STEWART@sakilacustomer.org,55,1
52,JULIE,SANCHEZ,JULIE.SANCHEZ@sakilacustomer.org,56,1
53,HEATHER,MORRIS,HEATHER.MORRIS@sakilacustomer.org,57,1
54,TERESA,ROGERS,TERESA.ROGERS@sakilacustomer.org,58,1
55,DORIS,REED,DORIS.REED@sakilacustomer.org,59,1
56,GLORIA,COOK,GLORIA.COOK@sakilacustomer.org,60,1
57,EVELYN,MORGAN,EVELYN.MORGAN@sakilacustomer.org,61,1
58,JEAN,BELL,JEAN.BELL@sakilacustomer.org,62,1
59,CHERYL,MURPHY,CHERYL.MURPHY@sakilacustomer.org,63,1
60,MILDRED,BAILEY,MILDRED.BAILEY@sakilacustomer.org,64,1
61,KATHERINE,RIVERA,KATHERINE.RIVERA@sakilacustomer.org,65,1
62,JOAN,COOPER,JOAN.COOPER@sakilacustomer.org,66,0
63,ASHLEY,RICHARDSON,ASHLEY.RICHARDSON@sakilacustomer.org,67,1
64,JUDITH,COX,JUDITH.COX@sakilacustomer.org,68,1
65,ROSE,HOWARD,ROSE.HOWARD@sakilacustomer.org,69,0
66,JANICE,WARD,JANICE.WARD@sakilacustomer.org,70,1
67,KELLY,TORRES,KELLY.TORRES@sakilacustomer.org,71,1
68,NICOLE,PETERSON,NICOLE.PETERSON@sakilacustomer.org,72,0
69,JUDY,GRAY,JUDY.GRAY@sakilacustomer.org,73,1
70,CHRISTINA,RAMIREZ,CHRISTINA.RAMIREZ@sakilacustomer.org,74,1
71,KATHY,JAMES,KATHY.JAMES@sakilacustomer.org,75,1
72,THERESA,WATSON,THERESA.WATSON@sakilacustomer.org,76,1
73,BEVERLY,BROOKS,BEVERLY.BROOKS@sakilacustomer.org,77,1
74,DENISE,KELLY,DENISE.KELLY@sakilacustomer.org,78,1
75,TAMMY,SANDERS,TAMMY.SANDERS@sakilacustomer.org,79,1
76,IRENE,PRICE,IRENE.PRICE@sakilacustomer.org,80,1
77,JANE,BENNETT,JANE.BENNETT@sakilacustomer.org,81,1
78,LORI,WOOD,LORI.WOOD@sakilacustomer.org,82,1
79,RACHEL,BARNES,RACHEL.BARNES@sakilacustomer.org,83,1
80,MARILYN,ROSS,MARILYN.ROSS@sakilacustomer.org,84,1
81,ANDREA,HENDERSON,ANDREA.HENDERSON@sakilacustomer.org,85,1
82,KATHRYN,COLEMAN,KATHRYN.COLEMAN@sakilacustomer.org,86,1
83,LOUISE,JENKINS,LOUISE.JENKINS@sakilacustomer.org,87,1
84,SARA,PERRY,SARA.PERRY@sakilacustomer.org,88,1
85,ANNE,POWELL,ANNE.POWELL@sakilacustomer.org,89,1
86,JACQUELINE,LONG,JACQUELINE.LONG@sakilacustomer.org,90,1
87,WANDA,PATTERSON,WANDA.PATTERSON@sakilacustomer.org,91,1
88,BONNIE,HUGHES,BONNIE.HUGHES@sakilacustomer.org,92,1
89,JULIA,FLORES,JULIA.FLORES@sakilacustomer.org,93,1
90,RUBY,WASHINGTON,RUBY.WASHINGTON@sakilacustomer.org,94,1
91,LOIS,BUTLER,LOIS.BUTLER@sakilacustomer.org,95,1
92,TINA,SIMMONS,TINA.SIMMONS@sakilacustomer.org,96,1
93,PHYLLIS,FOSTER,PHYLLIS.FOSTER@sakilacustomer.org,97,1
94,NORMA,GONZALES,NORMA.GONZALES@sakilacustomer.org,98,0
95,PAULA,BRYANT,PAULA.BRYANT@sakilacustomer.org,99,0
96,DIANA,ALEXANDER,DIANA.ALEXANDER@sakilacustomer.org,100,1
97,ANNIE,RUSSELL,ANNIE.RUSSELL@sakilacustomer.org,101,1
98,LILLIAN,GRIFFIN,LILLIAN.GRIFFIN@sakilacustomer.org,102,1
99,EMILY,DIAZ,EMILY.DIAZ@sakilacustomer.org,103,1
100,ROBIN,HAYES,ROBIN.HAYES@sakilacustomer.org,104,1
101,PEGGY,MYERS,PEGGY.MYERS@sakilacustomer.org,105,1
102,CRYSTAL,FORD,CRYSTAL.FORD@sakilacustomer.org,106,1
103,GLADYS,HAMILTON,GLADYS.HAMILTON@sakilacustomer.org,107,1
104,RITA,GRAHAM,RITA.GRAHAM@sakilacustomer.org,108,1
105,DAWN,SULLIVAN,DAWN.SULLIVAN@sakilacustomer.org,109,0
106,CONNIE,WALLACE,CONNIE.WALLACE@sakilacustomer.org,110,0
107,FLORENCE,WOODS,FLORENCE.WOODS@sakilacustomer.org,111,1
108,TRACY,COLE,TRACY.COLE@sakilacustomer.org,112,1
109,EDNA,WEST,EDNA.WEST@sakilacustomer.org,113,1
110,TIFFANY,JORDAN,TIFFANY.JORDAN@sakilacustomer.org,114,1
111,CARMEN,OWENS,CARMEN.OWENS@sakilacustomer.org,115,1
112,ROSA,REYNOLDS,ROSA.REYNOLDS@sakilacustomer.org,116,0
113,CINDY,FISHER,CINDY.FISHER@sakilacustomer.org,117,1
114,GRACE,ELLIS,GRACE.ELLIS@sakilacustomer.org,118,1
115,WENDY,HARRISON,WENDY.HARRISON@sakilacustomer.org,119,1
116,VICTORIA,GIBSON,VICTORIA.GIBSON@sakilacustomer.org,120,1
117,EDITH,MCDONALD,EDITH.MCDONALD@sakilacustomer.org,121,1
118,KIM,CRUZ,KIM.CRUZ@sakilacustomer.org,122,1
119,SHERRY,MARSHALL,SHERRY.MARSHALL@sakilacustomer.org,123,1
120,SYLVIA,ORTIZ,SYLVIA.ORTIZ@sakilacustomer.org,124,0
121,JOSEPHINE,GOMEZ,JOSEPHINE.GOMEZ@sakilacustomer.org,125,1
122,THELMA,MURRAY,THELMA.MURRAY@sakilacustomer.org,126,1
123,SHANNON,FREEMAN,SHANNON.FREEMAN@sakilacustomer.org,127,1
124,SHEILA,WELLS,SHEILA.WELLS@sakilacustomer.org,128,1
125,ETHEL,WEBB,ETHEL.WEBB@sakilacustomer.org,129,1
126,ELLEN,SIMPSON,ELLEN.SIMPSON@sakilacustomer.org,130,1
127,ELAINE,STEVENS,ELAINE.STEVENS@sakilacustomer.org,131,0
128,MARJORIE,TUCKER,MARJORIE.TUCKER@sakilacustomer.org,132,0
129,CARRIE,PORTER,CARRIE.PORTER@sakilacustomer.org,133,1
130,CHARLOTTE,HUNTER,CHARLOTTE.HUNTER@sakilacustomer.org,134,1
131,MONICA,HICKS,MONICA.HICKS@sakilacustomer.org,135,0
132,ESTHER,CRAWFORD,ESTHER.CRAWFORD@sakilacustomer.org,136,1
133,PAULINE,HENRY,PAULINE.HENRY@sakilacustomer.org,137,1
134,EMMA,BOYD,EMMA.BOYD@sakilacustomer.org,138,0
135,JUANITA,MASON,JUANITA.MASON@sakilacustomer.org,139,0
136,ANITA,MORALES,ANITA.MORALES@sakilacustomer.org,140,1
137,RHONDA,KENNEDY,RHONDA.KENNEDY@sakilacustomer.org,141,0
138,HAZEL,WARREN,HAZEL.WARREN@sakilacustomer.org,142,1
139,AMBER,DIXON,AMBER.DIXON@sakilacustomer.org,143,1
140,EVA,RAMOS,EVA.RAMOS@sakilacustomer.org,144,1
141,DEBBIE,REYES,DEBBIE.REYES@sakilacustomer.org,145,1
142,APRIL,BURNS,APRIL.BURNS@sakilacustomer.org,146,1
143,LESLIE,GORDON,LESLIE.GORDON@sakilacustomer.org,147,1
144,CLARA,SHAW,CLARA.SHAW@sakilacustomer.org,148,1
145,LUCILLE,HOLMES,LUCILLE.HOLMES@sakilacustomer.org,149,1
146,JAMIE,RICE,JAMIE.RICE@sakilacustomer.org,150,0
147,JOANNE,ROBERTSON,JOANNE.ROBERTSON@sakilacustomer.org,151,1
148,ELEANOR,HUNT,ELEANOR.HUNT@sakilacustomer.org,152,0
149,VALERIE,BLACK,VALERIE.BLACK@sakilacustomer.org,153,1
150,DANIELLE,DANIELS,DANIELLE.DANIELS@sakilacustomer.org,154,1
151,MEGAN,PALMER,MEGAN.PALMER@sakilacustomer.org,155,1
152,ALICIA,MILLS,ALICIA.MILLS@sakilacustomer.org,156,1
153,SUZANNE,NICHOLS,SUZANNE.NICHOLS@sakilacustomer.org,157,1
154,MICHELE,GRANT,MICHELE.GRANT@sakilacustomer.org,158,1
155,GAIL,KNIGHT,GAIL.KNIGHT@sakilacustomer.org,159,1
156,BERTHA,FERGUSON,BERTHA.FERGUSON@sakilacustomer.org,160,1
157,DARLENE,ROSE,DARLENE.ROSE@sakilacustomer.org,161,1
158,VERONICA,STONE,VERONICA.STONE@sakilacustomer.org,162,1
159,JILL,HAWKINS,JILL.HAWKINS@sakilacustomer.org,163,1
160,ERIN,DUNN,ERIN.DUNN@sakilacustomer.org,164,1
161,GERALDINE,PERKINS,GERALDINE.PERKINS@sakilacustomer.org,165,0
162,LAUREN,HUDSON,LAUREN.HUDSON@sakilacustomer.org,166,1
163,CATHY,SPENCER,CATHY.SPENCER@sakilacustomer.org,167,1
164,JOANN,GARDNER,JOANN.GARDNER@sakilacustomer.org,168,1
165,LORRAINE,STEPHENS,LORRAINE.STEPHENS@sakilacustomer.org,169,1
166,LYNN,PAYNE,LYNN.PAYNE@sakilacustomer.org,170,1
167,SALLY,PIERCE,SALLY.PIERCE@sakilacustomer.org,171,1
168,REGINA,BERRY,REGINA.BERRY@sakilacustomer.org,172,1
169,ERICA,MATTHEWS,ERICA.MATTHEWS@sakilacustomer.org,173,1
170,BEATRICE,ARNOLD,BEATRICE.ARNOLD@sakilacustomer.org,174,1
171,DOLORES,WAGNER,DOLORES.WAGNER@sakilacustomer.org,175,1
172,BERNICE,WILLIS,BERNICE.WILLIS@sakilacustomer.org,176,1
173,AUDREY,RAY,AUDREY.RAY@sakilacustomer.org,177,1
174,YVONNE,WATKINS,YVONNE.WATKINS@sakilacustomer.org,178,1
175,ANNETTE,OLSON,ANNETTE.OLSON@sakilacustomer.org,179,1
176,JUNE,CARROLL,JUNE.CARROLL@sakilacustomer.org,180,1
177,SAMANTHA,DUNCAN,SAMANTHA.DUNCAN@sakilacustomer.org,181,0
178,MARION,SNYDER,MARION.SNYDER@sakilacustomer.org,182,1
179,DANA,HART,DANA.HART@sakilacustomer.org,183,1
180,STACY,CUNNINGHAM,STACY.CUNNINGHAM@sakilacustomer.org,184,1
181,ANA,BRADLEY,ANA.BRADLEY@sakilacustomer.org,185,0
182,RENEE,LANE,RENEE.LANE@sakilacustomer.org,186,0
183,IDA,ANDREWS,IDA.ANDREWS@sakilacustomer.org,187,1
184,VIVIAN,RUIZ,VIVIAN.RUIZ@sakilacustomer.org,188,1
185,ROBERTA,HARPER,ROBERTA.HARPER@sakilacustomer.org,189,1
186,HOLLY,FOX,HOLLY.FOX@sakilacustomer.org,190,1
187,BRITTANY,RILEY,BRITTANY.RILEY@sakilacustomer.org,191,0
188,MELANIE,ARMSTRONG,MELANIE.ARMSTRONG@sakilacustomer.org,192,1
189,LORETTA,CARPENTER,LORETTA.CARPENTER@sakilacustomer.org,193,1
190,YOLANDA,WEAVER,YOLANDA.WEAVER@sakilacustomer.org,194,1
191,JEANETTE,GREENE,JEANETTE.GREENE@sakilacustomer.org,195,1
192,LAURIE,LAWRENCE,LAURIE.LAWRENCE@sakilacustomer.org,196,1
193,KATIE,ELLIOTT,KATIE.ELLIOTT@sakilacustomer.org,197,1
194,KRISTEN,CHAVEZ,KRISTEN.CHAVEZ@sakilacustomer.org,198,1
195,VANESSA,SIMS,VANESSA.SIMS@sakilacustomer.org,199,1
196,ALMA,AUSTIN,ALMA.AUSTIN@sakilacustomer.org,200,1
197,SUE,PETERS,SUE.PETERS@sakilacustomer.org,201,1
198,ELSIE,KELLEY,ELSIE.KELLEY@sakilacustomer.org,202,1
199,BETH,FRANKLIN,BETH.FRANKLIN@sakilacustomer.org,203,1
200,JEANNE,LAWSON,JEANNE.LAWSON@sakilacustomer.org,204,1
201,VICKI,FIELDS,VICKI.FIELDS@sakilacustomer.org,205,0
202,CARLA,GUTIERREZ,CARLA.GUTIERREZ@sakilacustomer.org,206,1
203,TARA,RYAN,TARA.RYAN@sakilacustomer.org,207,0
204,ROSEMARY,SCHMIDT,ROSEMARY.SCHMIDT@sakilacustomer.org,208,1
205,EILEEN,CARR,EILEEN.CARR@sakilacustomer.org,209,1
206,TERRI,VASQUEZ,TERRI.VASQUEZ@sakilacustomer.org,210,1
207,GERTRUDE,CASTILLO,GERTRUDE.CASTILLO@sakilacustomer.org,211,0
208,LUCY,WHEELER,LUCY.WHEELER@sakilacustomer.org,212,1
209,TONYA,CHAPMAN,TONYA.CHAPMAN@sakilacustomer.org,213,1
210,ELLA,OLIVER,ELLA.OLIVER@sakilacustomer.org,214,1
211,STACEY,MONTGOMERY,STACEY.MONTGOMERY@sakilacustomer.org,215,1
212,WILMA,RICHARDS,WILMA.RICHARDS@sakilacustomer.org,216,1
213,GINA,WILLIAMSON,GINA.WILLIAMSON@sakilacustomer.org,217,1
214,KRISTIN,JOHNSTON,KRISTIN.JOHNSTON@sakilacustomer.org,218,1
215,JESSIE,BANKS,JESSIE.BANKS@sakilacustomer.org,219,1
216,NATALIE,MEYER,NATALIE.MEYER@sakilacustomer.org,220,0
217,AGNES,BISHOP,AGNES.BISHOP@sakilacustomer.org,221,1
218,VERA,MCCOY,VERA.MCCOY@sakilacustomer.org,222,1
219,WILLIE,HOWELL,WILLIE.HOWELL@sakilacustomer.org,223,1
220,CHARLENE,ALVAREZ,CHARLENE.ALVAREZ@sakilacustomer.org,224,0
221,BESSIE,MORRISON,BESSIE.MORRISON@sakilacustomer.org,225,1
222,DELORES,HANSEN,DELORES.HANSEN@sakilacustomer.org,226,1
223,MELINDA,FERNANDEZ,MELINDA.FERNANDEZ@sakilacustomer.org,227,1
224,PEARL,GARZA,PEARL.GARZA@sakilacustomer.org,228,0
225,ARLENE,HARVEY,ARLENE.HARVEY@sakilacustomer.org,229,1
226,MAUREEN,LITTLE,MAUREEN.LITTLE@sakilacustomer.org,230,0
227,COLLEEN,BURTON,COLLEEN.BURTON@sakilacustomer.org,231,1
228,ALLISON,STANLEY,ALLISON.STANLEY@sakilacustomer.org,232,1
229,TAMARA,NGUYEN,TAMARA.NGUYEN@sakilacustomer.org,233,1
230,JOY,GEORGE,JOY.GEORGE@sakilacustomer.org,234,1
231,GEORGIA,JACOBS,GEORGIA.JACOBS@sakilacustomer.org,235,1
232,CONSTANCE,REID,CONSTANCE.REID@sakilacustomer.org,236,1
233,LILLIE,KIM,LILLIE.KIM@sakilacustomer.org,237,1
234,CLAUDIA,FULLER,CLAUDIA.FULLER@sakilacustomer.org,238,1
235,JACKIE,LYNCH,JACKIE.LYNCH@sakilacustomer.org,239,0
236,MARCIA,DEAN,MARCIA.DEAN@sakilacustomer.org,240,0
237,TANYA,GILBERT,TANYA.GILBERT@sakilacustomer.org,241,1
238,NELLIE,GARRETT,NELLIE.GARRETT@sakilacustomer.org,242,0
239,MINNIE,ROMERO,MINNIE.ROMERO@sakilacustomer.org,243,1
240,MARLENE,WELCH,MARLENE.WELCH@sakilacustomer.org,244,1
241,HEIDI,LARSON,HEIDI.LARSON@sakilacustomer.org,245,1
242,GLENDA,FRAZIER,GLENDA.FRAZIER@sakilacustomer.org,246,1
243,LYDIA,BURKE,LYDIA.BURKE@sakilacustomer.org,247,1
244,VIOLA,HANSON,VIOLA.HANSON@sakilacustomer.org,248,1
245,COURTNEY,DAY,COURTNEY.DAY@sakilacustomer.org,249,1
246,MARIAN,MENDOZA,MARIAN.MENDOZA@sakilacustomer.org,250,1
247,STELLA,MORENO,STELLA.MORENO@sakilacustomer.org,251,1
248,CAROLINE,BOWMAN,CAROLINE.BOWMAN@sakilacustomer.org,252,1
249,DORA,MEDINA,DORA.MEDINA@sakilacustomer.org,253,1
250,JO,FOWLER,JO.FOWLER@sakilacustomer.org,254,0
251,VICKIE,BREWER,VICKIE.BREWER@sakilacustomer.org,255,1
252,MATTIE,HOFFMAN,MATTIE.HOFFMAN@sakilacustomer.org,256,1
253,TERRY,CARLSON,TERRY.CARLSON@sakilacustomer.org,258,1
254,MAXINE,SILVA,MAXINE.SILVA@sakilacustomer.org,259,1
255,IRMA,PEARSON,IRMA.PEARSON@sakilacustomer.org,260,1
256,MABEL,HOLLAND,MABEL.HOLLAND@sakilacustomer.org,261,1
257,MARSHA,DOUGLAS,MARSHA.DOUGLAS@sakilacustomer.org,262,1
258,MYRTLE,FLEMING,MYRTLE.FLEMING@sakilacustomer.org,263,1
259,LENA,JENSEN,LENA.JENSEN@sakilacustomer.org,264,1
260,CHRISTY,VARGAS,CHRISTY.VARGAS@sakilacustomer.org,265,1
261,DEANNA,BYRD,DEANNA.BYRD@sakilacustomer.org,266,1
262,PATSY,DAVIDSON,PATSY.DAVIDSON@sakilacustomer.org,267,1
263,HILDA,HOPKINS,HILDA.HOPKINS@sakilacustomer.org,268,1
264,GWENDOLYN,MAY,GWENDOLYN.MAY@sakilacustomer.org,269,0
265,JENNIE,TERRY,JENNIE.TERRY@sakilacustomer.org,270,1
266,NORA,HERRERA,NORA.HERRERA@sakilacustomer.org,271,1
267,MARGIE,WADE,MARGIE.WADE@sakilacustomer.org,272,0
268,NINA,SOTO,NINA.SOTO@sakilacustomer.org,273,1
269,CASSANDRA,WALTERS,CASSANDRA.WALTERS@sakilacustomer.org,274,0
270,LEAH,CURTIS,LEAH.CURTIS@sakilacustomer.org,275,0
271,PENNY,NEAL,PENNY.NEAL@sakilacustomer.org,276,1
272,KAY,CALDWELL,KAY.CALDWELL@sakilacustomer.org,277,1
273,PRISCILLA,LOWE,PRISCILLA.LOWE@sakilacustomer.org,278,1
274,NAOMI,JENNINGS,NAOMI.JENNINGS@sakilacustomer.org,279,1
275,CAROLE,BARNETT,CAROLE.BARNETT@sakilacustomer.org,280,0
276,BRANDY,GRAVES,BRANDY.GRAVES@sakilacustomer.org,281,1
277,OLGA,JIMENEZ,OLGA.JIMENEZ@sakilacustomer.org,282,1
278,BILLIE,HORTON,BILLIE.HORTON@sakilacustomer.org,283,1
279,DIANNE,SHELTON,DIANNE.SHELTON@sakilacustomer.org,284,1
280,TRACEY,BARRETT,TRACEY.BARRETT@sakilacustomer.org,285,1
281,LEONA,OBRIEN,LEONA.OBRIEN@sakilacustomer.org,286,1
282,JENNY,CASTRO,JENNY.CASTRO@sakilacustomer.org,287,1
283,FELICIA,SUTTON,FELICIA.SUTTON@sakilacustomer.org,288,1
284,SONIA,GREGORY,SONIA.GREGORY@sakilacustomer.org,289,0
285,MIRIAM,MCKINNEY,MIRIAM.MCKINNEY@sakilacustomer.org,290,1
286,VELMA,LUCAS,VELMA.LUCAS@sakilacustomer.org,291,1
287,BECKY,MILES,BECKY.MILES@sakilacustomer.org,292,1
288,BOBBIE,CRAIG,BOBBIE.CRAIG@sakilacustomer.org,293,1
289,VIOLET,RODRIQUEZ,VIOLET.RODRIQUEZ@sakilacustomer.org,294,1
290,KRISTINA,CHAMBERS,KRISTINA.CHAMBERS@sakilacustomer.org,295,1
291,TONI,HOLT,TONI.HOLT@sakilacustomer.org,296,0
292,MISTY,LAMBERT,MISTY.LAMBERT@sakilacustomer.org,297,1
293,MAE,FLETCHER,MAE.FLETCHER@sakilacustomer.org,298,1
294,SHELLY,WATTS,SHELLY.WATTS@sakilacustomer.org,299,1
295,DAISY,BATES,DAISY.BATES@sakilacustomer.org,300,1
296,RAMONA,HALE,RAMONA.HALE@sakilacustomer.org,301,1
297,SHERRI,RHODES,SHERRI.RHODES@sakilacustomer.org,302,1
298,ERIKA,PENA,ERIKA.PENA@sakilacustomer.org,303,1
299,JAMES,GANNON,JAMES.GANNON@sakilacustomer.org,304,1
300,JOHN,FARNSWORTH,JOHN.FARNSWORTH@sakilacustomer.org,305,1
301,ROBERT,BAUGHMAN,ROBERT.BAUGHMAN@sakilacustomer.org,306,1
302,MICHAEL,SILVERMAN,MICHAEL.SILVERMAN@sakilacustomer.org,307,1
303,WILLIAM,SATTERFIELD,WILLIAM.SATTERFIELD@sakilacustomer.org,308,1
304,DAVID,ROYAL,DAVID.ROYAL@sakilacustomer.org,309,1
305,RICHARD,MCCRARY,RICHARD.MCCRARY@sakilacustomer.org,310,0
306,CHARLES,KOWALSKI,CHARLES.KOWALSKI@sakilacustomer.org,311,0
307,JOSEPH,JOY,JOSEPH.JOY@sakilacustomer.org,312,1
308,THOMAS,GRIGSBY,THOMAS.GRIGSBY@sakilacustomer.org,313,1
309,CHRISTOPHER,GRECO,CHRISTOPHER.GRECO@sakilacustomer.org,314,1
310,DANIEL,CABRAL,DANIEL.CABRAL@sakilacustomer.org,315,1
311,PAUL,TROUT,PAUL.TROUT@sakilacustomer.org,316,1
312,MARK,RINEHART,MARK.RINEHART@sakilacustomer.org,317,0
313,DONALD,MAHON,DONALD.MAHON@sakilacustomer.org,318,1
314,GEORGE,LINTON,GEORGE.LINTON@sakilacustomer.org,319,1
315,KENNETH,GOODEN,KENNETH.GOODEN@sakilacustomer.org,320,1
316,STEVEN,CURLEY,STEVEN.CURLEY@sakilacustomer.org,321,0
317,EDWARD,BAUGH,EDWARD.BAUGH@sakilacustomer.org,322,1
318,BRIAN,WYMAN,BRIAN.WYMAN@sakilacustomer.org,323,1
319,RONALD,WEINER,RONALD.WEINER@sakilacustomer.org,324,0
320,ANTHONY,SCHWAB,ANTHONY.SCHWAB@sakilacustomer.org,325,0
321,KEVIN,SCHULER,KEVIN.SCHULER@sakilacustomer.org,326,1
322,JASON,MORRISSEY,JASON.MORRISSEY@sakilacustomer.org,327,1
323,MATTHEW,MAHAN,MATTHEW.MAHAN@sakilacustomer.org,328,1
324,GARY,COY,GARY.COY@sakilacustomer.org,329,1
325,TIMOTHY,BUNN,TIMOTHY.BUNN@sakilacustomer.org,330,1
326,JOSE,ANDREW,JOSE.ANDREW@sakilacustomer.org,331,0
327,LARRY,THRASHER,LARRY.THRASHER@sakilacustomer.org,332,1
328,JEFFREY,SPEAR,JEFFREY.SPEAR@sakilacustomer.org,333,0
329,FRANK,WAGGONER,FRANK.WAGGONER@sakilacustomer.org,334,1
330,SCOTT,SHELLEY,SCOTT.SHELLEY@sakilacustomer.org,335,1
331,ERIC,ROBERT,ERIC.ROBERT@sakilacustomer.org,336,0
332,STEPHEN,QUALLS,STEPHEN.QUALLS@sakilacustomer.org,337,1
333,ANDREW,PURDY,ANDREW.PURDY@sakilacustomer.org,338,1
334,RAYMOND,MCWHORTER,RAYMOND.MCWHORTER@sakilacustomer.org,339,1
335,GREGORY,MAULDIN,GREGORY.MAULDIN@sakilacustomer.org,340,1
336,JOSHUA,MARK,JOSHUA.MARK@sakilacustomer.org,341,1
337,JERRY,JORDON,JERRY.JORDON@sakilacustomer.org,342,1
338,DENNIS,GILMAN,DENNIS.GILMAN@sakilacustomer.org,343,1
339,WALTER,PERRYMAN,WALTER.PERRYMAN@sakilacustomer.org,344,0
340,PATRICK,NEWSOM,PATRICK.NEWSOM@sakilacustomer.org,345,1
341,PETER,MENARD,PETER.MENARD@sakilacustomer.org,346,1
342,HAROLD,MARTINO,HAROLD.MARTINO@sakilacustomer.org,347,1
343,DOUGLAS,GRAF,DOUGLAS.GRAF@sakilacustomer.org,348,1
344,HENRY,BILLINGSLEY,HENRY.BILLINGSLEY@sakilacustomer.org,349,1
345,CARL,ARTIS,CARL.ARTIS@sakilacustomer.org,350,1
346,ARTHUR,SIMPKINS,ARTHUR.SIMPKINS@sakilacustomer.org,351,1
347,RYAN,SALISBURY,RYAN.SALISBURY@sakilacustomer.org,352,0
348,ROGER,QUINTANILLA,ROGER.QUINTANILLA@sakilacustomer.org,353,1
349,JOE,GILLILAND,JOE.GILLILAND@sakilacustomer.org,354,0
350,JUAN,FRALEY,JUAN.FRALEY@sakilacustomer.org,355,0
351,JACK,FOUST,JACK.FOUST@sakilacustomer.org,356,1
352,ALBERT,CROUSE,ALBERT.CROUSE@sakilacustomer.org,357,1
353,JONATHAN,SCARBOROUGH,JONATHAN.SCARBOROUGH@sakilacustomer.org,358,1
354,JUSTIN,NGO,JUSTIN.NGO@sakilacustomer.org,359,1
355,TERRY,GRISSOM,TERRY.GRISSOM@sakilacustomer.org,360,1
356,GERALD,FULTZ,GERALD.FULTZ@sakilacustomer.org,361,1
357,KEITH,RICO,KEITH.RICO@sakilacustomer.org,362,1
358,SAMUEL,MARLOW,SAMUEL.MARLOW@sakilacustomer.org,363,0
359,WILLIE,MARKHAM,WILLIE.MARKHAM@sakilacustomer.org,364,1
360,RALPH,MADRIGAL,RALPH.MADRIGAL@sakilacustomer.org,365,1
361,LAWRENCE,LAWTON,LAWRENCE.LAWTON@sakilacustomer.org,366,1
362,NICHOLAS,BARFIELD,NICHOLAS.BARFIELD@sakilacustomer.org,367,1
363,ROY,WHITING,ROY.WHITING@sakilacustomer.org,368,1
364,BENJAMIN,VARNEY,BENJAMIN.VARNEY@sakilacustomer.org,369,0
365,BRUCE,SCHWARZ,BRUCE.SCHWARZ@sakilacustomer.org,370,1
366,BRANDON,HUEY,BRANDON.HUEY@sakilacustomer.org,371,1
367,ADAM,GOOCH,ADAM.GOOCH@sakilacustomer.org,372,1
368,HARRY,ARCE,HARRY.ARCE@sakilacustomer.org,373,0
369,FRED,WHEAT,FRED.WHEAT@sakilacustomer.org,374,1
370,WAYNE,TRUONG,WAYNE.TRUONG@sakilacustomer.org,375,1
371,BILLY,POULIN,BILLY.POULIN@sakilacustomer.org,376,1
372,STEVE,MACKENZIE,STEVE.MACKENZIE@sakilacustomer.org,377,1
373,LOUIS,LEONE,LOUIS.LEONE@sakilacustomer.org,378,1
374,JEREMY,HURTADO,JEREMY.HURTADO@sakilacustomer.org,379,1
375,AARON,SELBY,AARON.SELBY@sakilacustomer.org,380,1
376,RANDY,GAITHER,RANDY.GAITHER@sakilacustomer.org,381,0
377,HOWARD,FORTNER,HOWARD.FORTNER@sakilacustomer.org,382,1
378,EUGENE,CULPEPPER,EUGENE.CULPEPPER@sakilacustomer.org,383,1
379,CARLOS,COUGHLIN,CARLOS.COUGHLIN@sakilacustomer.org,384,1
380,RUSSELL,BRINSON,RUSSELL.BRINSON@sakilacustomer.org,385,0
381,BOBBY,BOUDREAU,BOBBY.BOUDREAU@sakilacustomer.org,386,1
382,VICTOR,BARKLEY,VICTOR.BARKLEY@sakilacustomer.org,387,1
383,MARTIN,BALES,MARTIN.BALES@sakilacustomer.org,388,1
384,ERNEST,STEPP,ERNEST.STEPP@sakilacustomer.org,389,1
385,PHILLIP,HOLM,PHILLIP.HOLM@sakilacustomer.org,390,1
386,TODD,TAN,TODD.TAN@sakilacustomer.org,391,0
387,JESSE,SCHILLING,JESSE.SCHILLING@sakilacustomer.org,392,1
388,CRAIG,MORRELL,CRAIG.MORRELL@sakilacustomer.org,393,0
389,ALAN,KAHN,ALAN.KAHN@sakilacustomer.org,394,1
390,SHAWN,HEATON,SHAWN.HEATON@sakilacustomer.org,395,1
391,CLARENCE,GAMEZ,CLARENCE.GAMEZ@sakilacustomer.org,396,0
392,SEAN,DOUGLASS,SEAN.DOUGLASS@sakilacustomer.org,397,1
393,PHILIP,CAUSEY,PHILIP.CAUSEY@sakilacustomer.org,398,1
394,CHRIS,BROTHERS,CHRIS.BROTHERS@sakilacustomer.org,399,1
395,JOHNNY,TURPIN,JOHNNY.TURPIN@sakilacustomer.org,400,1
396,EARL,SHANKS,EARL.SHANKS@sakilacustomer.org,401,1
397,JIMMY,SCHRADER,JIMMY.SCHRADER@sakilacustomer.org,402,0
398,ANTONIO,MEEK,ANTONIO.MEEK@sakilacustomer.org,403,0
399,DANNY,ISOM,DANNY.ISOM@sakilacustomer.org,404,1
400,BRYAN,HARDISON,BRYAN.HARDISON@sakilacustomer.org,405,1
401,TONY,CARRANZA,TONY.CARRANZA@sakilacustomer.org,406,1
402,LUIS,YANEZ,LUIS.YANEZ@sakilacustomer.org,407,1
403,MIKE,WAY,MIKE.WAY@sakilacustomer.org,408,1
404,STANLEY,SCROGGINS,STANLEY.SCROGGINS@sakilacustomer.org,409,1
405,LEONARD,SCHOFIELD,LEONARD.SCHOFIELD@sakilacustomer.org,410,0
406,NATHAN,RUNYON,NATHAN.RUNYON@sakilacustomer.org,411,1
407,DALE,RATCLIFF,DALE.RATCLIFF@sakilacustomer.org,412,0
408,MANUEL,MURRELL,MANUEL.MURRELL@sakilacustomer.org,413,1
409,RODNEY,MOELLER,RODNEY.MOELLER@sakilacustomer.org,414,1
410,CURTIS,IRBY,CURTIS.IRBY@sakilacustomer.org,415,1
411,NORMAN,CURRIER,NORMAN.CURRIER@sakilacustomer.org,416,1
412,ALLEN,BUTTERFIELD,ALLEN.BUTTERFIELD@sakilacustomer.org,417,1
413,MARVIN,YEE,MARVIN.YEE@sakilacustomer.org,418,1
414,VINCENT,RALSTON,VINCENT.RALSTON@sakilacustomer.org,419,1
415,GLENN,PULLEN,GLENN.PULLEN@sakilacustomer.org,420,1
416,JEFFERY,PINSON,JEFFERY.PINSON@sakilacustomer.org,421,1
417,TRAVIS,ESTEP,TRAVIS.ESTEP@sakilacustomer.org,422,1
418,JEFF,EAST,JEFF.EAST@sakilacustomer.org,423,1
419,CHAD,CARBONE,CHAD.CARBONE@sakilacustomer.org,424,1
420,JACOB,LANCE,JACOB.LANCE@sakilacustomer.org,425,1
421,LEE,HAWKS,LEE.HAWKS@sakilacustomer.org,426,1
422,MELVIN,ELLINGTON,MELVIN.ELLINGTON@sakilacustomer.org,427,1
423,ALFRED,CASILLAS,ALFRED.CASILLAS@sakilacustomer.org,428,0
424,KYLE,SPURLOCK,KYLE.SPURLOCK@sakilacustomer.org,429,0
425,FRANCIS,SIKES,FRANCIS.SIKES@sakilacustomer.org,430,1
426,BRADLEY,MOTLEY,BRADLEY.MOTLEY@sakilacustomer.org,431,1
427,JESUS,MCCARTNEY,JESUS.MCCARTNEY@sakilacustomer.org,432,1
428,HERBERT,KRUGER,HERBERT.KRUGER@sakilacustomer.org,433,1
429,FREDERICK,ISBELL,FREDERICK.ISBELL@sakilacustomer.org,434,1
430,RAY,HOULE,RAY.HOULE@sakilacustomer.org,435,1
431,JOEL,FRANCISCO,JOEL.FRANCISCO@sakilacustomer.org,436,1
432,EDWIN,BURK,EDWIN.BURK@sakilacustomer.org,437,1
433,DON,BONE,DON.BONE@sakilacustomer.org,438,1
434,EDDIE,TOMLIN,EDDIE.TOMLIN@sakilacustomer.org,439,1
435,RICKY,SHELBY,RICKY.SHELBY@sakilacustomer.org,440,0
436,TROY,QUIGLEY,TROY.QUIGLEY@sakilacustomer.org,441,1
437,RANDALL,NEUMANN,RANDALL.NEUMANN@sakilacustomer.org,442,1
438,BARRY,LOVELACE,BARRY.LOVELACE@sakilacustomer.org,443,1
439,ALEXANDER,FENNELL,ALEXANDER.FENNELL@sakilacustomer.org,444,1
440,BERNARD,COLBY,BERNARD.COLBY@sakilacustomer.org,445,1
441,MARIO,CHEATHAM,MARIO.CHEATHAM@sakilacustomer.org,446,1
442,LEROY,BUSTAMANTE,LEROY.BUSTAMANTE@sakilacustomer.org,447,0
443,FRANCISCO,SKIDMORE,FRANCISCO.SKIDMORE@sakilacustomer.org,448,1
444,MARCUS,HIDALGO,MARCUS.HIDALGO@sakilacustomer.org,449,0
445,MICHEAL,FORMAN,MICHEAL.FORMAN@sakilacustomer.org,450,1
446,THEODORE,CULP,THEODORE.CULP@sakilacustomer.org,451,1
447,CLIFFORD,BOWENS,CLIFFORD.BOWENS@sakilacustomer.org,452,1
448,MIGUEL,BETANCOURT,MIGUEL.BETANCOURT@sakilacustomer.org,453,0
449,OSCAR,AQUINO,OSCAR.AQUINO@sakilacustomer.org,454,1
450,JAY,ROBB,JAY.ROBB@sakilacustomer.org,455,1
451,JIM,REA,JIM.REA@sakilacustomer.org,456,1
452,TOM,MILNER,TOM.MILNER@sakilacustomer.org,457,1
453,CALVIN,MARTEL,CALVIN.MARTEL@sakilacustomer.org,458,1
454,ALEX,GRESHAM,ALEX.GRESHAM@sakilacustomer.org,459,1
455,JON,WILES,JON.WILES@sakilacustomer.org,460,1
456,RONNIE,RICKETTS,RONNIE.RICKETTS@sakilacustomer.org,461,1
457,BILL,GAVIN,BILL.GAVIN@sakilacustomer.org,462,1
458,LLOYD,DOWD,LLOYD.DOWD@sakilacustomer.org,463,1
459,TOMMY,COLLAZO,TOMMY.COLLAZO@sakilacustomer.org,464,0
460,LEON,BOSTIC,LEON.BOSTIC@sakilacustomer.org,465,0
461,DEREK,BLAKELY,DEREK.BLAKELY@sakilacustomer.org,466,1
462,WARREN,SHERROD,WARREN.SHERROD@sakilacustomer.org,467,1
463,DARRELL,POWER,DARRELL.POWER@sakilacustomer.org,468,0
464,JEROME,KENYON,JEROME.KENYON@sakilacustomer.org,469,1
465,FLOYD,GANDY,FLOYD.GANDY@sakilacustomer.org,470,1
466,LEO,EBERT,LEO.EBERT@sakilacustomer.org,471,1
467,ALVIN,DELOACH,ALVIN.DELOACH@sakilacustomer.org,472,1
468,TIM,CARY,TIM.CARY@sakilacustomer.org,473,1
469,WESLEY,BULL,WESLEY.BULL@sakilacustomer.org,474,1
470,GORDON,ALLARD,GORDON.ALLARD@sakilacustomer.org,475,0
471,DEAN,SAUER,DEAN.SAUER@sakilacustomer.org,476,1
472,GREG,ROBINS,GREG.ROBINS@sakilacustomer.org,477,1
473,JORGE,OLIVARES,JORGE.OLIVARES@sakilacustomer.org,478,0
474,DUSTIN,GILLETTE,DUSTIN.GILLETTE@sakilacustomer.org,479,0
475,PEDRO,CHESTNUT,PEDRO.CHESTNUT@sakilacustomer.org,480,1
476,DERRICK,BOURQUE,DERRICK.BOURQUE@sakilacustomer.org,481,1
477,DAN,PAINE,DAN.PAINE@sakilacustomer.org,482,1
478,LEWIS,LYMAN,LEWIS.LYMAN@sakilacustomer.org,483,0
479,ZACHARY,HITE,ZACHARY.HITE@sakilacustomer.org,484,1
480,COREY,HAUSER,COREY.HAUSER@sakilacustomer.org,485,1
481,HERMAN,DEVORE,HERMAN.DEVORE@sakilacustomer.org,486,1
482,MAURICE,CRAWLEY,MAURICE.CRAWLEY@sakilacustomer.org,487,1
483,VERNON,CHAPA,VERNON.CHAPA@sakilacustomer.org,488,0
484,ROBERTO,VU,ROBERTO.VU@sakilacustomer.org,489,1
485,CLYDE,TOBIAS,CLYDE.TOBIAS@sakilacustomer.org,490,0
486,GLEN,TALBERT,GLEN.TALBERT@sakilacustomer.org,491,1
487,HECTOR,POINDEXTER,HECTOR.POINDEXTER@sakilacustomer.org,492,0
488,SHANE,MILLARD,SHANE.MILLARD@sakilacustomer.org,493,1
489,RICARDO,MEADOR,RICARDO.MEADOR@sakilacustomer.org,494,1
490,SAM,MCDUFFIE,SAM.MCDUFFIE@sakilacustomer.org,495,1
491,RICK,MATTOX,RICK.MATTOX@sakilacustomer.org,496,0
492,LESTER,KRAUS,LESTER.KRAUS@sakilacustomer.org,497,1
493,BRENT,HARKINS,BRENT.HARKINS@sakilacustomer.org,498,0
494,RAMON,CHOATE,RAMON.CHOATE@sakilacustomer.org,499,1
495,CHARLIE,BESS,CHARLIE.BESS@sakilacustomer.org,500,1
496,TYLER,WREN,TYLER.WREN@sakilacustomer.org,501,1
497,GILBERT,SLEDGE,GILBERT.SLEDGE@sakilacustomer.org,502,1
498,GENE,SANBORN,GENE.SANBORN@sakilacustomer.org,503,1
499,MARC,OUTLAW,MARC.OUTLAW@sakilacustomer.org,504,1
500,REGINALD,KINDER,REGINALD.KINDER@sakilacustomer.org,505,1
501,RUBEN,GEARY,RUBEN.GEARY@sakilacustomer.org,506,1
502,BRETT,CORNWELL,BRETT.CORNWELL@sakilacustomer.org,507,1
503,ANGEL,BARCLAY,ANGEL.BARCLAY@sakilacustomer.org,508,1
504,NATHANIEL,ADAM,NATHANIEL.ADAM@sakilacustomer.org,509,0
505,RAFAEL,ABNEY,RAFAEL.ABNEY@sakilacustomer.org,510,1
506,LESLIE,SEWARD,LESLIE.SEWARD@sakilacustomer.org,511,0
507,EDGAR,RHOADS,EDGAR.RHOADS@sakilacustomer.org,512,1
508,MILTON,HOWLAND,MILTON.HOWLAND@sakilacustomer.org,513,1
509,RAUL,FORTIER,RAUL.FORTIER@sakilacustomer.org,514,0
510,BEN,EASTER,BEN.EASTER@sakilacustomer.org,515,1
511,CHESTER,BENNER,CHESTER.BENNER@sakilacustomer.org,516,1
512,CECIL,VINES,CECIL.VINES@sakilacustomer.org,517,1
513,DUANE,TUBBS,DUANE.TUBBS@sakilacustomer.org,519,1
514,FRANKLIN,TROUTMAN,FRANKLIN.TROUTMAN@sakilacustomer.org,520,1
515,ANDRE,RAPP,ANDRE.RAPP@sakilacustomer.org,521,1
516,ELMER,NOE,ELMER.NOE@sakilacustomer.org,522,1
517,BRAD,MCCURDY,BRAD.MCCURDY@sakilacustomer.org,523,1
518,GABRIEL,HARDER,GABRIEL.HARDER@sakilacustomer.org,524,1
519,RON,DELUCA,RON.DELUCA@sakilacustomer.org,525,1
520,MITCHELL,WESTMORELAND,MITCHELL.WESTMORELAND@sakilacustomer.org,526,1
521,ROLAND,SOUTH,ROLAND.SOUTH@sakilacustomer.org,527,0
522,ARNOLD,HAVENS,ARNOLD.HAVENS@sakilacustomer.org,528,0
523,HARVEY,GUAJARDO,HARVEY.GUAJARDO@sakilacustomer.org,529,0
524,JARED,ELY,JARED.ELY@sakilacustomer.org,530,1
525,ADRIAN,CLARY,ADRIAN.CLARY@sakilacustomer.org,531,1
526,KARL,SEAL,KARL.SEAL@sakilacustomer.org,532,1
527,CORY,MEEHAN,CORY.MEEHAN@sakilacustomer.org,533,1
528,CLAUDE,HERZOG,CLAUDE.HERZOG@sakilacustomer.org,534,0
529,ERIK,GUILLEN,ERIK.GUILLEN@sakilacustomer.org,535,1
530,DARRYL,ASHCRAFT,DARRYL.ASHCRAFT@sakilacustomer.org,536,1
531,JAMIE,WAUGH,JAMIE.WAUGH@sakilacustomer.org,537,0
532,NEIL,RENNER,NEIL.RENNER@sakilacustomer.org,538,1
533,JESSIE,MILAM,JESSIE.MILAM@sakilacustomer.org,539,1
534,CHRISTIAN,JUNG,CHRISTIAN.JUNG@sakilacustomer.org,540,1
535,JAVIER,ELROD,JAVIER.ELROD@sakilacustomer.org,541,1
536,FERNANDO,CHURCHILL,FERNANDO.CHURCHILL@sakilacustomer.org,542,1
537,CLINTON,BUFORD,CLINTON.BUFORD@sakilacustomer.org,543,1
538,TED,BREAUX,TED.BREAUX@sakilacustomer.org,544,1
539,MATHEW,BOLIN,MATHEW.BOLIN@sakilacustomer.org,545,1
540,TYRONE,ASHER,TYRONE.ASHER@sakilacustomer.org,546,1
541,DARREN,WINDHAM,DARREN.WINDHAM@sakilacustomer.org,547,1
542,LONNIE,TIRADO,LONNIE.TIRADO@sakilacustomer.org,548,0
543,LANCE,PEMBERTON,LANCE.PEMBERTON@sakilacustomer.org,549,1
544,CODY,NOLEN,CODY.NOLEN@sakilacustomer.org,550,1
545,JULIO,NOLAND,JULIO.NOLAND@sakilacustomer.org,551,1
546,KELLY,KNOTT,KELLY.KNOTT@sakilacustomer.org,552,1
547,KURT,EMMONS,KURT.EMMONS@sakilacustomer.org,553,1
548,ALLAN,CORNISH,ALLAN.CORNISH@sakilacustomer.org,554,1
549,NELSON,CHRISTENSON,NELSON.CHRISTENSON@sakilacustomer.org,555,1
550,GUY,BROWNLEE,GUY.BROWNLEE@sakilacustomer.org,556,1
551,CLAYTON,BARBEE,CLAYTON.BARBEE@sakilacustomer.org,557,0
552,HUGH,WALDROP,HUGH.WALDROP@sakilacustomer.org,558,1
553,MAX,PITT,MAX.PITT@sakilacustomer.org,559,1
554,DWAYNE,OLVERA,DWAYNE.OLVERA@sakilacustomer.org,560,1
555,DWIGHT,LOMBARDI,DWIGHT.LOMBARDI@sakilacustomer.org,561,1
556,ARMANDO,GRUBER,ARMANDO.GRUBER@sakilacustomer.org,562,1
557,FELIX,GAFFNEY,FELIX.GAFFNEY@sakilacustomer.org,563,0
558,JIMMIE,EGGLESTON,JIMMIE.EGGLESTON@sakilacustomer.org,564,1
559,EVERETT,BANDA,EVERETT.BANDA@sakilacustomer.org,565,0
560,JORDAN,ARCHULETA,JORDAN.ARCHULETA@sakilacustomer.org,566,1
561,IAN,STILL,IAN.STILL@sakilacustomer.org,567,1
562,WALLACE,SLONE,WALLACE.SLONE@sakilacustomer.org,568,1
563,KEN,PREWITT,KEN.PREWITT@sakilacustomer.org,569,1
564,BOB,PFEIFFER,BOB.PFEIFFER@sakilacustomer.org,570,1
565,JAIME,NETTLES,JAIME.NETTLES@sakilacustomer.org,571,1
566,CASEY,MENA,CASEY.MENA@sakilacustomer.org,572,1
567,ALFREDO,MCADAMS,ALFREDO.MCADAMS@sakilacustomer.org,573,1
568,ALBERTO,HENNING,ALBERTO.HENNING@sakilacustomer.org,574,1
569,DAVE,GARDINER,DAVE.GARDINER@sakilacustomer.org,575,1
570,IVAN,CROMWELL,IVAN.CROMWELL@sakilacustomer.org,576,1
571,JOHNNIE,CHISHOLM,JOHNNIE.CHISHOLM@sakilacustomer.org,577,1
572,SIDNEY,BURLESON,SIDNEY.BURLESON@sakilacustomer.org,578,1
573,BYRON,BOX,BYRON.BOX@sakilacustomer.org,579,0
574,JULIAN,VEST,JULIAN.VEST@sakilacustomer.org,580,1
575,ISAAC,OGLESBY,ISAAC.OGLESBY@sakilacustomer.org,581,1
576,MORRIS,MCCARTER,MORRIS.MCCARTER@sakilacustomer.org,582,1
577,CLIFTON,MALCOLM,CLIFTON.MALCOLM@sakilacustomer.org,583,1
578,WILLARD,LUMPKIN,WILLARD.LUMPKIN@sakilacustomer.org,584,1
579,DARYL,LARUE,DARYL.LARUE@sakilacustomer.org,585,1
580,ROSS,GREY,ROSS.GREY@sakilacustomer.org,586,1
581,VIRGIL,WOFFORD,VIRGIL.WOFFORD@sakilacustomer.org,587,1
582,ANDY,VANHORN,ANDY.VANHORN@sakilacustomer.org,588,0
583,MARSHALL,THORN,MARSHALL.THORN@sakilacustomer.org,589,1
584,SALVADOR,TEEL,SALVADOR.TEEL@sakilacustomer.org,590,1
585,PERRY,SWAFFORD,PERRY.SWAFFORD@sakilacustomer.org,591,1
586,KIRK,STCLAIR,KIRK.STCLAIR@sakilacustomer.org,592,1
587,SERGIO,STANFIELD,SERGIO.STANFIELD@sakilacustomer.org,593,0
588,MARION,OCAMPO,MARION.OCAMPO@sakilacustomer.org,594,0
589,TRACY,HERRMANN,TRACY.HERRMANN@sakilacustomer.org,595,1
590,SETH,HANNON,SETH.HANNON@sakilacustomer.org,596,1
591,KENT,ARSENAULT,KENT.ARSENAULT@sakilacustomer.org,597,1
592,TERRANCE,ROUSH,TERRANCE.ROUSH@sakilacustomer.org,598,0
593,RENE,MCALISTER,RENE.MCALISTER@sakilacustomer.org,599,1
594,EDUARDO,HIATT,EDUARDO.HIATT@sakilacustomer.org,600,0
595,TERRENCE,GUNDERSON,TERRENCE.GUNDERSON@sakilacustomer.org,601,0
596,ENRIQUE,FORSYTHE,ENRIQUE.FORSYTHE@sakilacustomer.org,602,1
597,FREDDIE,DUGGAN,FREDDIE.DUGGAN@sakilacustomer.org,603,1
598,WADE,DELVALLE,WADE.DELVALLE@sakilacustomer.org,604,1
599,AUSTIN,CINTRON,AUSTIN.CINTRON@sakilacustomer.org,605,1
